PLAYER_NAME,TEAM_ABBREVIATION,GP,MIN,FG_PCT,FT_PCT,AST,TOV
A.J. Lawson,DAL,42,310.9,0.446,0.652,20,14
AJ Green,MIL,56,614.2816666666666,0.423,0.895,30,12
AJ Griffin,ATL,20,170.73,0.29,1.0,5,8
Aaron Gordon,DEN,73,2296.81,0.556,0.658,259,105
Aaron Holiday,HOU,78,1269.2966666666666,0.446,0.921,140,53
Aaron Nesmith,IND,72,1994.655,0.496,0.781,108,64
Aaron Wiggins,OKC,78,1227.9383333333333,0.562,0.789,86,56
Adam Flagler,OKC,2,14.016666666666667,0.143,0.0,4,0
Adama Sanogo,CHI,9,65.76166666666667,0.519,0.667,0,5
Admiral Schofield,ORL,23,84.35833333333333,0.385,0.0,7,5
Al Horford,BOS,65,1739.7966666666666,0.511,0.867,168,48
Alec Burks,NYK,66,1211.545,0.369,0.868,88,48
Aleksej Pokusevski,CHA,28,405.3833333333333,0.405,0.732,35,19
Alex Caruso,CHI,71,2040.3433333333328,0.468,0.76,247,102
Alex Fudge,DAL,6,40.21666666666667,0.4,1.0,0,2
Alex Len,SAC,48,444.245,0.617,0.588,50,27
Alondes Williams,MIA,7,15.595,0.25,1.0,0,2
Alperen Sengun,HOU,63,2045.635,0.537,0.693,312,162
Amari Bailey,CHA,10,64.63333333333334,0.333,0.857,7,4
Amen Thompson,HOU,62,1388.5316666666668,0.536,0.684,163,90
Amir Coffey,LAC,70,1460.5966666666666,0.472,0.859,76,33
Andre Drummond,CHI,79,1351.2516666666668,0.556,0.592,37,81
Andre Jackson Jr.,MIL,57,572.3283333333334,0.5,0.727,50,28
Andrew Funk,CHI,5,13.4,0.0,0.0,0,0
Andrew Nembhard,IND,68,1696.685,0.498,0.804,280,101
Andrew Wiggins,GSW,71,1920.4483333333333,0.453,0.751,119,87
Anfernee Simons,POR,46,1581.743333333333,0.43,0.916,255,126
Anthony Black,ORL,69,1164.21,0.466,0.613,91,56
Anthony Davis,LAL,76,2700.2433333333333,0.556,0.816,266,159
Anthony Edwards,MIN,79,2770.383333333333,0.461,0.836,405,241
Anthony Gill,WAS,50,466.4966666666666,0.469,0.806,34,23
Armoni Brooks,BKN,10,104.02333333333333,0.326,0.5,5,3
Ashton Hagans,POR,19,315.57166666666666,0.408,0.824,54,30
Ausar Thompson,DET,63,1582.805,0.483,0.597,120,84
Austin Reaves,LAL,82,2628.95,0.486,0.853,450,174
Ayo Dosunmu,CHI,76,2212.468333333333,0.501,0.81,242,103
Bam Adebayo,MIA,71,2416.4733333333334,0.521,0.755,278,162
Ben Sheppard,IND,57,814.26,0.393,0.885,53,15
Ben Simmons,BKN,15,358.9166666666667,0.581,0.4,86,27
Bennedict Mathurin,IND,59,1538.39,0.446,0.821,119,97
Bilal Coulibaly,WAS,63,1715.25,0.435,0.702,110,87
Bismack Biyombo,OKC,40,791.4616666666667,0.565,0.481,53,42
Blake Wesley,SAS,61,875.925,0.474,0.667,166,55
Boban Marjanovic,HOU,14,70.91,0.529,0.643,6,5
Bobby Portis,MIL,82,2008.1666666666667,0.508,0.79,104,91
Bogdan Bogdanović,ATL,79,2401.4083333333333,0.428,0.921,247,112
Bojan Bogdanovic,NYK,57,1478.003333333333,0.454,0.785,97,101
Bol Bol,PHX,43,469.0283333333333,0.616,0.789,17,19
Bones Hyland,LAC,37,540.21,0.386,0.783,93,44
Bradley Beal,PHX,53,1766.7333333333331,0.513,0.813,265,131
Brandin Podziemski,GSW,74,1968.253333333333,0.454,0.633,273,88
Brandon Boston,LAC,32,345.1716666666667,0.404,0.697,13,24
Brandon Clarke,MEM,6,134.31833333333333,0.559,0.143,9,3
Brandon Ingram,NOP,64,2102.68,0.492,0.801,363,163
Brandon Miller,CHA,74,2382.963333333333,0.44,0.827,175,132
Brandon Williams,DAL,17,112.87,0.37,0.647,17,7
Braxton Key,DEN,20,59.98333333333333,0.412,0.75,9,1
Brice Sensabaugh,UTA,32,584.3633333333333,0.39,0.902,55,47
Brook Lopez,MIL,79,2411.151666666666,0.485,0.821,127,79
Bruce Brown,TOR,67,1865.3666666666663,0.478,0.824,192,86
Bruno Fernando,ATL,45,682.3033333333333,0.583,0.667,46,44
Bryce McGowens,CHA,59,881.595,0.439,0.776,51,30
Buddy Boeheim,DET,10,84.00166666666667,0.31,0.8,3,0
Buddy Hield,PHI,84,2159.8883333333333,0.436,0.881,236,103
CJ McCollum,NOP,66,2158.536666666667,0.459,0.827,305,110
Cade Cunningham,DET,62,2074.225,0.449,0.869,464,212
Caleb Houstan,ORL,59,815.335,0.388,0.808,29,16
Caleb Martin,MIA,64,1756.5533333333333,0.431,0.778,143,77
Cam Reddish,LAL,48,984.0616666666666,0.389,0.759,48,31
Cam Thomas,BKN,66,2074.85,0.442,0.856,192,124
Cam Whitmore,HOU,47,880.3333333333334,0.454,0.679,33,46
Cameron Johnson,BKN,58,1599.0383333333334,0.446,0.789,138,57
Cameron Payne,PHI,78,1304.0766666666666,0.432,0.866,205,66
Caris LeVert,CLE,68,1958.0833333333333,0.421,0.766,346,117
Cason Wallace,OKC,82,1691.9216666666666,0.491,0.784,120,45
Cedi Osman,SAS,72,1268.7516666666668,0.479,0.673,119,47
Charles Bassey,SAS,19,205.275,0.725,0.833,21,15
Charlie Brown Jr.,NYK,8,37.28333333333333,0.2,0.0,0,2
Chet Holmgren,OKC,82,2412.7966666666666,0.53,0.793,200,131
Chimezie Metu,DET,51,858.9066666666666,0.504,0.906,46,52
Chris Boucher,TOR,50,704.8833333333333,0.507,0.772,23,28
Chris Duarte,SAC,59,719.5183333333333,0.381,0.788,44,26
Chris Livingston,MIL,21,90.53333333333332,0.5,0.75,5,5
Chris Paul,GSW,58,1530.89,0.441,0.827,393,76
Christian Braun,DEN,82,1655.565,0.46,0.694,132,55
Christian Wood,LAL,50,871.9433333333334,0.466,0.702,49,50
Chuma Okeke,ORL,47,431.73,0.357,0.571,20,16
Clint Capela,ATL,73,1883.0866666666664,0.571,0.631,91,74
Coby White,CHI,79,2881.3566666666666,0.447,0.838,405,166
Cody Martin,CHA,28,752.9916666666667,0.381,0.606,104,44
Cody Zeller,NOP,43,319.70666666666665,0.419,0.605,39,16
Colby Jones,SAC,30,191.73666666666668,0.394,0.545,20,10
Cole Anthony,ORL,81,1817.3116666666667,0.435,0.826,236,126
Cole Swider,MIA,18,86.79833333333333,0.395,1.0,5,8
Colin Castleton,LAL,16,59.08,0.563,1.0,3,3
Collin Gillespie,DEN,24,225.365,0.464,0.667,27,14
Collin Sexton,UTA,78,2074.7633333333333,0.487,0.859,383,165
Corey Kispert,WAS,80,2067.435,0.486,0.726,157,98
Cory Joseph,GSW,26,295.8933333333333,0.359,0.571,42,12
Craig Porter Jr.,CLE,51,649.355,0.509,0.732,118,45
D'Angelo Russell,LAL,76,2484.1283333333336,0.456,0.828,482,156
D'Moi Hodge,LAL,7,41.24333333333333,0.333,0.5,5,1
D.J. Carton,TOR,4,35.53333333333333,0.375,0.8,3,1
D.J. Wilson,PHI,2,15.466666666666669,0.667,0.0,2,0
DaQuan Jeffries,NYK,17,45.975,0.353,0.0,5,3
Daishen Nix,MIN,15,49.78333333333333,0.375,0.5,6,5
Dalano Banton,POR,54,1046.8466666666666,0.404,0.783,127,77
Dalen Terry,CHI,59,680.71,0.439,0.581,81,32
Damian Jones,CLE,39,269.7316666666667,0.597,0.857,15,13
Damian Lillard,MIL,73,2578.4283333333333,0.424,0.92,508,193
Daniel Gafford,DAL,74,1814.355,0.725,0.674,115,74
Daniel Theis,LAC,60,1014.84,0.532,0.76,61,42
Danilo Gallinari,MIL,49,629.29,0.437,0.857,55,23
Danny Green,PHI,2,18.45,0.0,0.0,1,0
Danté Exum,DAL,55,1087.621666666667,0.533,0.779,157,49
Danuel House Jr.,PHI,34,509.055,0.448,0.761,28,19
Dario Šarić,GSW,64,1097.7516666666668,0.466,0.849,144,78
Dariq Whitehead,BKN,2,23.98333333333333,0.2,0.5,3,0
Darius Bazley,UTA,9,151.825,0.6,0.833,7,8
Darius Garland,CLE,57,1900.4383333333333,0.446,0.834,373,176
David Duke Jr.,SAS,4,51.35,0.556,1.0,5,3
David Roddy,PHX,65,1176.9816666666666,0.403,0.691,80,57
Davion Mitchell,SAC,72,1101.1,0.452,0.714,134,43
Davis Bertans,CHA,43,674.0716666666667,0.393,0.909,35,18
Day'Ron Sharpe,BKN,61,920.575,0.571,0.61,85,70
De'Aaron Fox,SAC,74,2658.7633333333333,0.465,0.738,418,194
De'Andre Hunter,ATL,57,1681.0933333333332,0.459,0.847,87,83
De'Anthony Melton,PHI,38,1023.3316666666668,0.386,0.835,114,39
DeAndre Jordan,DEN,36,395.7166666666666,0.624,0.491,26,23
DeJon Jarreau,MEM,9,149.54666666666665,0.34,0.455,26,9
DeMar DeRozan,CHI,79,2988.568333333333,0.48,0.853,421,135
Dean Wade,CLE,54,1108.08,0.414,0.769,43,20
Deandre Ayton,POR,55,1783.4983333333332,0.57,0.823,90,99
Dejounte Murray,ATL,78,2783.343333333333,0.459,0.794,502,201
Delon Wright,MIA,47,741.5666666666667,0.394,0.822,119,14
Deni Avdija,WAS,75,2256.643333333333,0.506,0.74,286,160
Dennis Schröder,BKN,80,2485.945,0.435,0.836,488,153
Dennis Smith Jr.,BKN,56,1058.6583333333333,0.435,0.741,203,68
Dereck Lively II,DAL,55,1294.2816666666668,0.747,0.506,60,50
Dereon Seabron,NOP,6,55.083333333333336,0.308,0.833,5,0
Derrick Jones Jr.,DAL,76,1782.8566666666666,0.483,0.713,75,65
Derrick Rose,MEM,24,399.3366666666666,0.461,0.889,78,31
Derrick White,BOS,73,2380.985,0.461,0.901,377,112
Desmond Bane,MEM,42,1442.8483333333334,0.464,0.87,230,112
Devin Booker,PHX,68,2446.6566666666668,0.492,0.886,472,178
Devin Vassell,SAS,68,2247.7433333333333,0.472,0.801,277,108
Devonte' Graham,SAS,23,312.92333333333335,0.352,0.813,49,17
Dexter Dennis,DAL,4,29.866666666666667,0.526,0.333,4,3
Dillon Brooks,HOU,72,2226.738333333333,0.428,0.844,119,88
Dmytro Skapintsev,NYK,2,2.1333333333333333,0.0,0.0,0,0
Domantas Sabonis,SAC,82,2928.0216666666665,0.594,0.704,673,272
Dominick Barlow,SAS,33,419.54,0.496,0.69,36,9
Donovan Mitchell,CLE,55,1942.65,0.462,0.865,333,154
Donte DiVincenzo,NYK,81,2360.393333333333,0.443,0.754,216,113
Dorian Finney-Smith,BKN,68,1934.5933333333328,0.421,0.717,107,59
Doug McDermott,IND,64,904.4783333333334,0.433,0.579,70,28
Draymond Green,GSW,55,1490.1833333333334,0.497,0.73,332,135
Drew Eubanks,PHX,75,1168.705,0.601,0.774,63,61
Drew Peterson,BOS,3,22.683333333333334,0.667,0.0,1,1
Dru Smith,MIA,9,130.895,0.455,1.0,14,5
Duncan Robinson,MIA,68,1905.4483333333333,0.45,0.889,192,95
Duop Reath,POR,68,1214.115,0.461,0.742,67,52
Dwight Powell,DAL,63,836.3033333333333,0.679,0.708,84,32
Dylan Windler,ATL,17,108.41,0.5,0.0,10,2
Dyson Daniels,NOP,61,1358.525,0.447,0.642,164,59
E.J. Liddell,NOP,8,23.08333333333333,0.167,1.0,1,2
Emoni Bates,CLE,15,132.815,0.306,0.25,10,8
Eric Gordon,PHX,68,1892.63,0.443,0.797,139,73
Eugene Omoruyi,WAS,43,393.3066666666667,0.485,0.653,35,21
Evan Fournier,DET,32,579.6733333333333,0.357,0.806,48,21
Evan Mobley,CLE,50,1532.35,0.58,0.719,160,90
Filip Petrusev,SAC,3,9.31,0.5,0.5,0,0
Frank Ntilikina,CHA,5,42.9,0.111,1.0,4,1
Franz Wagner,ORL,72,2337.4166666666665,0.482,0.85,269,137
Fred VanVleet,HOU,73,2684.4266666666667,0.416,0.86,589,126
Furkan Korkmaz,PHI,35,299.9266666666667,0.395,0.7,25,10
GG Jackson,MEM,48,1233.165,0.428,0.752,59,65
Gabe Vincent,LAL,11,217.635,0.306,0.5,21,5
Garrett Temple,TOR,27,288.75333333333333,0.372,0.818,28,14
Garrison Mathews,ATL,66,992.1216666666668,0.456,0.81,37,19
Gary Harris,ORL,54,1297.3466666666666,0.441,0.756,87,31
Gary Payton II,GSW,44,679.9,0.563,0.609,48,27
Gary Trent Jr.,TOR,71,1993.5983333333331,0.426,0.771,119,47
Georges Niang,CLE,82,1831.125,0.449,0.85,98,72
Giannis Antetokounmpo,MIL,73,2567.2433333333333,0.611,0.657,476,250
Goga Bitadze,ORL,62,957.0866666666668,0.603,0.655,79,44
Gordon Hayward,OKC,51,1245.25,0.464,0.742,158,66
Gradey Dick,TOR,60,1267.6683333333333,0.425,0.863,68,50
Grant Williams,CHA,76,2129.56,0.456,0.757,174,109
Grayson Allen,PHX,75,2513.3,0.499,0.878,227,95
Greg Brown III,DAL,6,39.74333333333333,0.455,0.444,4,4
Gui Santos,GSW,23,192.09,0.509,0.941,14,7
Hamidou Diallo,WAS,2,4.75,0.5,0.0,1,1
Harrison Barnes,SAC,82,2380.87,0.474,0.801,99,58
Harry Giles III,LAL,23,99.92,0.46,0.538,6,6
Haywood Highsmith,MIA,66,1365.835,0.465,0.639,70,34
Henri Drell,CHI,4,29.916666666666668,0.4,0.5,4,2
Herbert Jones,NOP,76,2321.4283333333333,0.498,0.867,199,93
Hunter Tyson,DEN,18,47.97666666666667,0.4,0.0,2,2
Ibou Badji,POR,22,225.81833333333333,0.636,0.5,13,15
Immanuel Quickley,TOR,68,1985.3366666666664,0.434,0.853,331,101
Isaac Okoro,CLE,69,1887.0566666666664,0.49,0.679,132,54
Isaiah Hartenstein,NYK,75,1896.3483333333331,0.644,0.707,188,93
Isaiah Jackson,IND,60,770.905,0.665,0.716,50,39
Isaiah Joe,OKC,78,1444.8666666666666,0.458,0.865,99,47
Isaiah Livers,DET,23,469.39666666666665,0.345,0.667,25,16
Isaiah Mobley,CLE,10,71.92166666666667,0.417,0.0,6,2
Isaiah Stewart,DET,46,1422.8166666666666,0.487,0.753,73,66
Isaiah Thomas,PHX,6,19.383333333333333,0.3,0.0,3,0
Isaiah Wong,IND,1,4.283333333333333,0.333,0.0,0,0
Ish Smith,CHA,43,740.8466666666667,0.418,0.75,145,47
Ish Wainright,PHX,11,62.39,0.292,1.0,1,2
Ivica Zubac,LAC,68,1794.4483333333333,0.649,0.723,93,79
Izaiah Brockington,NOP,1,3.3833333333333333,0.4,0.0,0,0
JD Davison,BOS,8,39.01,0.417,0.75,10,2
JT Thor,CHA,63,780.6266666666667,0.437,0.55,29,15
Ja Morant,MEM,9,317.925,0.471,0.813,73,27
JaVale McGee,SAC,46,339.3616666666667,0.598,0.578,17,34
Jabari Smith Jr.,HOU,76,2423.845,0.454,0.811,121,89
Jabari Walker,POR,72,1700.5733333333333,0.46,0.754,71,66
Jack White,MEM,4,63.64833333333333,0.125,0.0,1,2
Jacob Gilyard,BKN,41,698.405,0.4,1.0,137,30
Jacob Toppin,NYK,9,38.15166666666666,0.556,1.0,3,1
Jaden Hardy,DAL,73,989.2133333333334,0.407,0.776,109,62
Jaden Ivey,DET,77,2217.4766666666665,0.429,0.749,296,190
Jaden McDaniels,MIN,72,2105.4533333333334,0.489,0.722,101,87
Jaden Springer,BOS,49,506.995,0.399,0.833,44,34
Jae Crowder,MIL,50,1155.6983333333333,0.422,0.722,66,23
Jae'Sean Tate,HOU,65,1031.4566666666667,0.472,0.667,64,37
Jahmi'us Ramsey,TOR,7,121.085,0.439,0.833,8,7
Jaime Jaquez Jr.,MIA,75,2113.195,0.489,0.811,195,110
Jake LaRavia,MEM,35,805.55,0.389,0.826,58,45
Jakob Poeltl,TOR,50,1319.1083333333331,0.656,0.551,127,77
Jalen Brunson,NYK,77,2726.3033333333333,0.479,0.847,519,186
Jalen Crutcher,NOP,1,2.65,0.0,0.0,0,0
Jalen Duren,DET,61,1777.4816666666666,0.619,0.79,147,129
Jalen Green,HOU,82,2601.3816666666667,0.423,0.804,291,191
Jalen Hood-Schifino,LAL,21,108.98333333333332,0.222,0.6,8,9
Jalen Johnson,ATL,56,1888.8666666666663,0.511,0.728,203,101
Jalen McDaniels,TOR,50,538.0066666666667,0.344,0.73,37,30
Jalen Pickett,DEN,27,121.78833333333333,0.429,0.75,21,9
Jalen Slawson,SAC,12,36.975,0.667,0.0,2,2
Jalen Smith,IND,61,1046.625,0.592,0.692,63,44
Jalen Suggs,ORL,75,2024.59,0.471,0.756,205,132
Jalen Williams,OKC,71,2223.5983333333334,0.54,0.814,322,123
Jalen Wilson,BKN,43,664.5366666666666,0.425,0.826,45,19
Jamal Cain,MIA,26,259.09166666666664,0.43,0.783,10,8
Jamal Murray,DEN,59,1861.37,0.481,0.853,384,125
Jamaree Bouyea,SAS,9,94.9,0.357,0.0,11,9
James Bouknight,CHA,14,80.9,0.439,0.5,6,2
James Harden,LAC,72,2469.668333333333,0.428,0.878,614,185
James Johnson,IND,9,47.195,0.3,1.0,8,5
James Wiseman,DET,63,1091.0433333333333,0.613,0.706,54,66
Jarace Walker,IND,33,340.42333333333335,0.409,0.889,40,17
Jared Butler,WAS,40,565.6516666666666,0.488,0.861,126,50
Jared Rhoden,DET,17,245.01666666666668,0.5,0.625,14,7
Jaren Jackson Jr.,MEM,66,2124.18,0.444,0.808,154,160
Jarred Vanderbilt,LAL,29,581.2366666666667,0.518,0.667,36,28
Jarrett Allen,CLE,77,2442.0616666666665,0.634,0.742,210,121
Jason Preston,UTA,7,71.13333333333334,0.316,0.0,16,2
Javon Freeman-Liberty,TOR,22,403.03833333333336,0.444,0.917,40,25
Javonte Green,CHI,9,230.4,0.6,0.769,5,7
Javonte Smart,PHI,1,0.6666666666666666,0.0,0.0,0,0
Jaxson Hayes,LAL,70,877.1333333333333,0.72,0.622,33,43
Jay Huff,DEN,20,49.325,0.6,1.0,2,1
Jaylen Brown,BOS,70,2342.5216666666665,0.499,0.703,249,166
Jaylen Nowell,DET,13,213.7633333333333,0.436,0.778,19,7
Jaylin Williams,OKC,69,896.9466666666667,0.417,0.805,110,34
Jayson Tatum,BOS,74,2645.213333333333,0.471,0.833,364,188
Jeff Dowtin Jr.,PHI,12,142.01666666666668,0.556,0.75,27,5
Jeff Green,HOU,78,1307.3383333333334,0.456,0.819,70,46
Jerami Grant,POR,54,1830.1866666666667,0.451,0.817,152,116
Jeremiah Robinson-Earl,NOP,39,334.31333333333333,0.474,0.75,21,16
Jeremy Sochan,SAS,74,2193.095,0.438,0.771,249,140
Jericho Sims,NYK,45,584.7833333333333,0.691,0.667,25,16
Jermaine Samuels Jr.,HOU,14,60.13166666666667,0.643,1.0,3,0
Jerome Robinson,GSW,22,80.71666666666667,0.333,0.636,5,2
Jett Howard,ORL,18,66.51666666666667,0.333,0.5,6,3
Jevon Carter,CHI,72,1003.6016666666668,0.378,0.571,94,36
Jimmy Butler III,MIA,60,2042.0583333333332,0.499,0.858,298,102
Jock Landale,HOU,56,763.46,0.515,0.8,65,31
Joe Harris,DET,16,169.97833333333332,0.359,0.5,10,4
Joe Ingles,ORL,68,1169.0316666666668,0.436,0.824,203,67
Joel Embiid,PHI,39,1309.371666666667,0.529,0.883,219,150
John Collins,UTA,68,1901.06,0.532,0.795,77,98
John Konchar,MEM,55,1173.5733333333333,0.423,0.84,110,46
Johnny Davis,WAS,50,613.48,0.403,0.583,32,13
Johnny Juzang,UTA,20,371.8033333333333,0.464,0.714,23,13
Jonas Valančiūnas,NOP,82,1924.8316666666667,0.559,0.785,173,111
Jonathan Isaac,ORL,58,914.61,0.51,0.72,30,27
Jonathan Kuminga,GSW,74,1949.513333333333,0.529,0.746,163,122
Jontay Porter,TOR,26,359.73833333333334,0.385,0.833,60,21
Jordan Clarkson,UTA,55,1682.3416666666667,0.413,0.881,277,146
Jordan Ford,SAC,6,21.816666666666663,0.571,1.0,2,1
Jordan Goodwin,MEM,57,1055.77,0.369,0.746,155,56
Jordan Hawkins,NOP,67,1160.58,0.382,0.838,70,40
Jordan McLaughlin,MIN,56,626.12,0.483,0.722,110,19
Jordan Miller,LAC,8,28.191666666666663,0.556,1.0,0,1
Jordan Nwora,TOR,52,711.3933333333333,0.462,0.83,62,53
Jordan Poole,WAS,78,2345.555,0.413,0.877,343,188
Jordan Walsh,BOS,9,83.47333333333333,0.4,0.5,5,3
Jose Alvarado,NOP,56,1028.37,0.412,0.673,117,40
Josh Giddey,OKC,80,2011.5583333333332,0.475,0.806,386,168
Josh Green,DAL,57,1504.72,0.479,0.684,130,60
Josh Hart,NYK,81,2706.7716666666665,0.434,0.791,331,118
Josh Minott,MIN,32,91.42833333333331,0.472,0.857,8,2
Josh Okogie,PHX,60,959.715,0.417,0.745,64,36
Josh Richardson,MIA,43,1102.83,0.444,0.944,105,36
Joshua Primo,LAC,2,10.266666666666667,0.333,0.0,0,4
Jrue Holiday,BOS,69,2263.278333333333,0.48,0.833,333,124
Juan Toscano-Anderson,SAC,11,52.66333333333333,0.25,0.0,4,2
Jules Bernard,WAS,19,149.275,0.453,0.556,16,8
Julian Champagnie,SAS,74,1467.875,0.408,0.815,103,57
Julian Phillips,CHI,40,322.55,0.416,0.684,13,10
Julian Strawther,DEN,50,545.415,0.369,0.71,47,23
Julius Randle,NYK,46,1630.095,0.472,0.781,229,159
Justin Champagnie,WAS,15,234.8383333333333,0.41,0.8,19,10
Justin Holiday,DEN,58,862.0133333333333,0.454,0.75,67,14
Justin Jackson,MIN,2,0.7,0.0,0.0,0,0
Justin Minaya,POR,34,380.98333333333335,0.297,0.556,21,9
Jusuf Nurkić,PHX,76,2078.035,0.51,0.64,301,175
KJ Martin,PHI,60,746.495,0.536,0.537,51,32
Kaiser Gates,NOP,1,7.433333333333334,0.0,0.0,0,0
Karl-Anthony Towns,MIN,62,2025.565,0.504,0.873,189,177
Kawhi Leonard,LAC,68,2330.04,0.525,0.885,244,119
Keegan Murray,SAC,77,2588.5666666666666,0.454,0.831,129,64
Keita Bates-Diop,BKN,53,664.59,0.434,0.762,38,15
Keldon Johnson,SAS,69,2038.361666666667,0.454,0.792,195,100
Kelly Olynyk,TOR,78,1758.73,0.555,0.833,347,152
Kelly Oubre Jr.,PHI,68,2055.32,0.441,0.75,101,87
Kendall Brown,IND,15,62.50833333333333,0.533,0.625,5,2
Kenneth Lofton Jr.,UTA,21,198.30166666666668,0.462,0.654,33,14
Kenrich Williams,OKC,69,1029.006666666667,0.468,0.5,93,32
Kentavious Caldwell-Pope,DEN,76,2401.7566666666667,0.46,0.894,183,75
Keon Ellis,SAC,57,978.485,0.461,0.743,85,37
Keon Johnson,BKN,5,61.40166666666666,0.381,0.917,3,5
Kessler Edwards,SAC,54,274.7416666666667,0.415,0.556,15,4
Kevin Durant,PHX,75,2790.6366666666668,0.523,0.856,378,244
Kevin Huerter,SAC,64,1562.2266666666667,0.443,0.766,166,53
Kevin Knox II,DET,31,560.2333333333333,0.462,0.909,23,22
Kevin Love,MIA,55,924.2633333333332,0.44,0.787,115,48
Kevon Harris,ORL,2,6.05,0.667,0.0,1,1
Kevon Looney,GSW,74,1194.4283333333333,0.597,0.675,133,50
Keyontae Johnson,OKC,9,66.2,0.313,0.0,4,4
Keyonte George,UTA,75,2022.5766666666664,0.391,0.848,332,188
Khris Middleton,MIL,55,1487.27,0.493,0.833,292,127
Killian Hayes,DET,42,1007.6583333333332,0.413,0.66,205,51
Kira Lewis Jr.,UTA,28,264.2366666666667,0.37,0.85,37,14
Klay Thompson,GSW,77,2284.168333333333,0.432,0.927,176,117
Kobe Brown,LAC,44,393.9983333333333,0.411,0.5,25,9
Kobe Bufkin,ATL,17,196.00333333333333,0.37,0.5,27,10
Kobi Simmons,TOR,4,67.43333333333334,0.429,0.0,12,1
Kris Dunn,UTA,66,1249.1766666666667,0.47,0.688,254,79
Kris Murray,POR,62,1348.2716666666668,0.396,0.661,80,55
Kristaps Porziņģis,BOS,57,1689.9483333333333,0.516,0.858,115,89
Kyle Anderson,MIN,79,1781.881666666667,0.46,0.708,331,91
Kyle Kuzma,WAS,70,2281.141666666667,0.463,0.775,296,192
Kyle Lowry,PHI,60,1689.7666666666669,0.432,0.84,253,85
Kyrie Irving,DAL,58,2029.6083333333331,0.497,0.905,299,106
LaMelo Ball,CHA,22,711.35,0.433,0.865,176,83
Lamar Stevens,MEM,38,559.0133333333333,0.45,0.778,28,24
Landry Shamet,WAS,46,726.4966666666667,0.431,0.826,54,30
Larry Nance Jr.,NOP,61,1216.138333333333,0.573,0.77,113,49
Lauri Markkanen,UTA,55,1819.746666666667,0.48,0.899,110,77
LeBron James,LAL,71,2503.6833333333334,0.54,0.75,589,245
Leaky Black,CHA,26,284.08166666666665,0.481,0.667,24,6
Leonard Miller,MIN,17,52.4,0.65,0.5,8,1
Lester Quinones,GSW,37,394.455,0.397,0.69,36,17
Lindell Wigginton,MIL,3,7.63,0.4,1.0,0,1
Lindy Waters III,OKC,38,280.2083333333333,0.471,1.0,24,7
Lonnie Walker IV,BKN,58,1011.14,0.423,0.763,74,51
Luguentz Dort,OKC,79,2245.971666666667,0.438,0.826,113,74
Luka Dončić,DAL,70,2624.04,0.487,0.786,686,282
Luka Garza,MIN,25,121.84,0.48,0.72,4,6
Luka Samanic,UTA,43,404.37666666666667,0.38,0.786,19,28
Luke Kennard,MEM,39,999.0466666666666,0.448,0.889,136,54
Luke Kornet,BOS,63,983.31,0.7,0.907,67,21
Malachi Flynn,DET,69,876.9216666666666,0.418,0.732,130,63
Malaki Branham,SAS,75,1594.3266666666666,0.432,0.873,156,91
Malcolm Brogdon,POR,39,1120.8166666666666,0.44,0.819,214,60
Malcolm Cazalon,DET,1,2.583333333333333,0.0,0.0,0,0
Malik Beasley,MIL,79,2337.3716666666664,0.443,0.714,108,54
Malik Monk,SAC,72,1872.3066666666664,0.443,0.829,370,150
Malik Williams,TOR,7,106.50833333333334,0.265,0.0,2,3
Mamadi Diakite,NYK,6,24.435,0.667,0.667,2,1
Maozinha Pereira,MEM,7,121.63333333333334,0.514,0.7,2,5
MarJon Beauchamp,MIL,48,607.6883333333334,0.488,0.679,31,27
Marcus Morris Sr.,CLE,49,816.9766666666667,0.439,0.818,36,30
Marcus Sasser,DET,71,1351.11,0.428,0.879,236,90
Marcus Smart,MEM,20,604.845,0.43,0.768,86,62
Mark Williams,CHA,19,508.39166666666665,0.649,0.719,22,17
Markelle Fultz,ORL,43,909.9383333333334,0.472,0.697,120,50
Markieff Morris,DAL,26,216.3883333333333,0.338,0.833,16,12
Markquis Nowell,TOR,1,3.5166666666666666,0.0,1.0,2,0
Marques Bolden,CHA,11,121.28,0.68,0.75,4,3
Marvin Bagley III,WAS,50,1053.3516666666667,0.586,0.762,55,59
Mason Jones,SAC,5,27.683333333333334,0.25,0.5,5,2
Mason Plumlee,LAC,46,673.9266666666666,0.569,0.707,55,36
Matisse Thybulle,POR,65,1487.3833333333334,0.397,0.759,90,40
Matt Hurt,MEM,8,113.23833333333332,0.353,1.0,4,2
Matt Ryan,NOP,28,390.385,0.434,0.929,18,19
Max Christie,LAL,67,944.3183333333334,0.427,0.783,60,35
Max Strus,CLE,70,2239.175,0.418,0.794,283,112
Maxi Kleber,DAL,43,871.4116666666666,0.432,0.702,68,28
Maxwell Lewis,LAL,34,102.825,0.19,0.667,6,10
Micah Potter,UTA,16,186.06,0.475,0.75,6,5
Michael Porter Jr.,DEN,81,2564.605,0.484,0.836,122,92
Mikal Bridges,BKN,82,2854.24,0.436,0.814,299,164
Mike Conley,MIN,76,2193.458333333333,0.457,0.911,449,102
Mike Muscala,OKC,53,600.18,0.359,0.68,37,22
Miles Bridges,CHA,69,2581.116666666667,0.462,0.825,231,138
Miles McBride,NYK,68,1327.74,0.452,0.86,114,30
Mitchell Robinson,NYK,31,768.11,0.575,0.409,18,25
Mo Bamba,PHI,57,740.3516666666667,0.49,0.68,41,39
Monté Morris,MIN,33,476.04333333333335,0.405,0.684,69,7
Moritz Wagner,ORL,80,1414.736666666667,0.601,0.814,96,97
Moses Brown,POR,22,199.97833333333327,0.508,0.29,7,11
Moses Moody,GSW,66,1155.885,0.462,0.785,57,44
Mouhamadou Gueye,TOR,11,119.94166666666666,0.289,0.444,5,12
Mouhamed Gueye,ATL,6,72.8,0.348,0.833,4,1
Moussa Diabaté,LAC,11,64.23833333333333,0.526,0.643,4,2
Myles Turner,IND,77,2076.4366666666665,0.524,0.773,100,109
Naji Marshall,NOP,66,1257.1233333333332,0.463,0.791,128,65
Nassir Little,PHX,45,458.28333333333336,0.46,0.85,21,14
Nate Hinton,HOU,15,74.55166666666666,0.423,0.8,10,3
Nate Williams,HOU,22,129.385,0.54,0.538,7,4
Nathan Mensah,CHA,25,306.64166666666665,0.429,0.75,9,14
Naz Reid,MIN,81,1963.8283333333331,0.477,0.736,106,111
Neemias Queta,BOS,28,333.21666666666664,0.644,0.714,20,13
Nic Claxton,BKN,71,2115.6633333333334,0.629,0.551,147,93
Nick Richards,CHA,67,1758.736666666667,0.691,0.737,54,73
Nick Smith Jr.,CHA,51,728.71,0.391,0.867,59,39
Nickeil Alexander-Walker,MIN,82,1920.9183333333333,0.439,0.8,204,76
Nicolas Batum,PHI,60,1529.5866666666666,0.453,0.714,128,40
Nikola Jokić,DEN,79,2736.5333333333333,0.583,0.817,708,237
Nikola Jović,MIA,46,896.2366666666667,0.452,0.702,90,42
Nikola Vučević,CHI,76,2609.5016666666666,0.484,0.822,254,120
Noah Clowney,BKN,23,369.85833333333335,0.538,0.7,18,15
Norman Powell,LAC,76,1990.378333333333,0.486,0.831,82,66
OG Anunoby,NYK,50,1702.035,0.489,0.753,107,81
Obi Toppin,IND,82,1730.6016666666667,0.573,0.77,128,69
Ochai Agbaji,TOR,78,1641.611666666667,0.411,0.661,83,64
Olivier Sarr,OKC,15,98.20166666666668,0.579,0.667,2,3
Olivier-Maxence Prosper,DAL,40,336.21166666666664,0.385,0.683,22,8
Omer Yurtseven,UTA,48,545.1016666666667,0.538,0.679,29,37
Onuralp Bitim,CHI,23,267.9916666666667,0.381,0.8,13,10
Onyeka Okongwu,ATL,55,1404.736666666667,0.611,0.793,74,45
Orlando Robinson,MIA,36,303.69,0.5,0.76,34,18
Oscar Tshiebwe,IND,8,41.91666666666666,0.5,0.75,2,0
Oshae Brissett,BOS,55,630.165,0.444,0.602,44,20
Otto Porter Jr.,TOR,15,174.07333333333332,0.424,1.0,8,2
Ousmane Dieng,OKC,33,364.9533333333333,0.422,0.875,37,19
P.J. Tucker,LAC,31,486.3133333333333,0.36,1.0,16,8
P.J. Washington,DAL,73,2220.6783333333333,0.436,0.683,141,96
Paolo Banchero,ORL,80,2798.701666666667,0.455,0.725,431,247
Pascal Siakam,IND,80,2657.8883333333333,0.536,0.732,342,141
Pat Connaughton,MIL,76,1676.28,0.435,0.759,161,49
Pat Spencer,GSW,6,25.65,0.5,0.0,5,1
Patrick Baldwin Jr.,WAS,38,493.5083333333333,0.381,0.679,29,19
Patrick Beverley,MIL,73,1462.5116666666668,0.417,0.822,212,65
Patrick Williams,CHI,43,1174.085,0.443,0.788,66,57
Patty Mills,MIA,32,415.315,0.351,1.0,34,16
Paul George,LAC,74,2501.766666666667,0.471,0.907,262,153
Paul Reed,PHI,82,1589.5016666666668,0.54,0.718,109,67
Payton Pritchard,BOS,82,1825.7333333333331,0.468,0.821,281,61
Pete Nance,CLE,8,27.35,0.167,0.0,0,1
Peyton Watson,DEN,80,1487.8366666666666,0.465,0.67,86,58
Precious Achiuwa,NYK,74,1623.753333333333,0.501,0.616,97,83
Quentin Grimes,DET,51,1024.9433333333334,0.372,0.756,66,28
Quenton Jackson,IND,3,10.533333333333331,0.0,1.0,2,0
R.J. Hampton,MIA,8,76.02166666666666,0.286,0.5,8,3
RJ Barrett,TOR,58,1838.1333333333332,0.495,0.715,193,126
RaiQuan Gray,SAS,3,39.03333333333333,0.588,0.0,6,1
Rayan Rupert,POR,39,633.225,0.335,0.76,62,31
Reggie Bullock Jr.,HOU,44,417.47333333333336,0.415,1.0,15,10
Reggie Jackson,DEN,82,1816.82,0.431,0.806,308,106
Richaun Holmes,WAS,40,554.11,0.558,0.723,25,24
Ricky Council IV,PHI,32,288.64,0.482,0.746,16,5
Robert Covington,PHI,29,488.415,0.439,0.846,24,11
Robert Williams III,POR,6,118.75,0.654,0.778,5,7
Robin Lopez,MIL,16,64.73,0.368,1.0,4,2
Ron Harper Jr.,TOR,1,3.65,0.0,0.0,1,0
Royce O'Neale,PHX,79,1954.2416666666663,0.397,0.686,219,73
Rudy Gobert,MIN,76,2593.113333333333,0.661,0.638,102,118
Rui Hachimura,LAL,68,1825.493333333333,0.537,0.739,81,46
Russell Westbrook,LAC,68,1528.8166666666666,0.454,0.688,306,144
Ryan Arcidiacono,NYK,20,45.155,0.0,0.0,4,2
Ryan Rollins,MIL,13,77.85,0.519,0.765,14,8
Saben Lee,PHX,24,184.97166666666664,0.364,0.744,30,8
Saddiq Bey,ATL,63,2061.6583333333333,0.416,0.837,92,54
Sam Hauser,BOS,79,1740.585,0.446,0.895,82,32
Sam Merrill,CLE,61,1068.9183333333333,0.402,0.929,108,19
Sandro Mamukelashvili,SAS,46,450.9583333333333,0.471,0.735,49,19
Santi Aldama,MEM,61,1618.0566666666666,0.435,0.621,138,69
Sasha Vezenkov,SAC,42,511.0733333333333,0.44,0.8,19,12
Scoot Henderson,POR,62,1765.3933333333334,0.385,0.819,336,212
Scottie Barnes,TOR,60,2094.248333333333,0.475,0.781,363,165
Scotty Pippen Jr.,MEM,21,526.8283333333334,0.493,0.745,98,56
Seth Curry,CHA,44,615.4133333333333,0.392,0.903,44,21
Seth Lundy,ATL,9,51.98333333333333,0.235,0.75,0,1
Shaedon Sharpe,POR,32,1059.0183333333334,0.406,0.824,94,72
Shai Gilgeous-Alexander,OKC,75,2552.6866666666665,0.535,0.874,465,162
Shake Milton,NYK,48,581.16,0.405,0.816,60,31
Shaquille Harrison,MEM,3,5.966666666666667,0.5,0.0,0,0
Sidy Cissoko,SAS,12,140.91833333333332,0.485,0.8,10,3
Simone Fontecchio,DET,66,1643.8933333333334,0.46,0.818,101,68
Skylar Mays,LAL,38,433.27166666666665,0.396,0.765,85,20
Spencer Dinwiddie,LAL,76,2152.4083333333333,0.392,0.805,356,91
Stanley Umude,DET,24,307.12166666666667,0.44,0.906,11,14
Stephen Curry,GSW,74,2421.5383333333334,0.45,0.923,379,210
Svi Mykhailiuk,BOS,41,413.16333333333336,0.416,0.667,35,12
T.J. McConnell,IND,71,1290.9766666666667,0.556,0.79,390,108
T.J. Warren,MIN,11,124.67333333333332,0.439,0.75,9,4
Taj Gibson,DET,20,204.50333333333333,0.405,1.0,11,5
Talen Horton-Tucker,UTA,51,1008.6983333333334,0.396,0.807,177,65
Tari Eason,HOU,22,480.105,0.466,0.636,27,20
Taurean Prince,LAL,78,2107.6216666666664,0.442,0.735,119,73
Taylor Hendricks,UTA,40,856.4316666666666,0.45,0.793,32,27
Taze Moore,POR,4,40.333333333333336,0.421,0.5,5,3
Terance Mann,LAC,75,1872.8916666666669,0.515,0.832,119,48
Terquavion Smith,PHI,16,84.49666666666667,0.391,0.6,12,7
Terry Rozier,MIA,61,2040.381666666667,0.443,0.869,342,106
Terry Taylor,CHI,31,187.63,0.513,0.8,10,7
Thaddeus Young,PHX,33,439.50166666666667,0.602,0.4,57,15
Thanasis Antetokounmpo,MIL,34,155.43166666666667,0.533,0.0,17,14
Theo Maledon,PHX,17,213.19666666666663,0.286,0.933,28,18
Thomas Bryant,MIA,38,441.365,0.577,0.872,23,21
Tim Hardaway Jr.,DAL,79,2120.3283333333334,0.402,0.852,139,69
Timmy Allen,MEM,5,125.45166666666668,0.261,0.5,5,2
Tobias Harris,PHI,70,2367.78,0.487,0.878,217,93
Torrey Craig,CHI,53,1048.6016666666667,0.43,0.75,58,32
Tosan Evbuomwan,DET,17,366.5783333333333,0.507,0.68,16,9
Toumani Camara,POR,70,1739.32,0.45,0.758,87,84
Trae Young,ATL,54,1941.7133333333331,0.43,0.855,583,235
Trayce Jackson-Davis,GSW,68,1130.4516666666666,0.702,0.561,82,49
Tre Jones,SAS,77,2138.18,0.505,0.856,478,116
Tre Mann,CHA,41,987.0983333333334,0.459,0.763,165,65
Trendon Watford,BKN,63,856.52,0.527,0.794,81,63
Trent Forrest,ATL,38,413.76166666666666,0.378,0.765,92,20
Trevelin Queen,ORL,14,164.72666666666666,0.368,0.75,18,7
Trey Jemison III,MEM,25,573.985,0.551,0.84,27,34
Trey Lyles,SAC,58,1158.2183333333332,0.445,0.7,72,38
Trey Murphy III,NOP,57,1690.265,0.443,0.815,124,34
Tristan Thompson,CLE,49,548.9166666666666,0.613,0.288,51,29
Tristan Vukcevic,WAS,10,153.41166666666666,0.433,0.773,13,10
Troy Brown Jr.,DET,59,826.5116666666667,0.372,0.865,60,30
Ty Jerome,CLE,2,14.816666666666666,0.5,0.0,3,1
TyTy Washington Jr.,MIL,11,55.92166666666667,0.3,0.0,5,2
Tyler Herro,MIA,42,1407.105,0.441,0.856,188,93
Tyrese Haliburton,IND,69,2223.5383333333334,0.477,0.855,752,159
Tyrese Maxey,PHI,70,2625.806666666667,0.45,0.868,433,116
Tyus Jones,WAS,66,1932.6666666666667,0.489,0.8,485,66
Udoka Azubuike,PHX,16,112.82833333333332,0.696,0.231,3,4
Usman Garuba,GSW,6,17.783333333333335,0.167,0.5,1,2
Vasilije Micic,CHA,60,1175.73,0.43,0.813,262,99
Victor Wembanyama,SAS,71,2106.235,0.465,0.796,274,260
Vince Williams Jr.,MEM,52,1436.53,0.446,0.8,175,92
Vít Krejčí,ATL,22,541.32,0.49,0.833,50,20
Walker Kessler,UTA,64,1493.1066666666666,0.654,0.602,60,66
Wendell Carter Jr.,ORL,55,1406.3033333333333,0.525,0.694,95,68
Wendell Moore Jr.,MIN,25,75.13166666666666,0.5,0.0,6,4
Wenyen Gabriel,MEM,5,81.01666666666667,0.364,0.0,3,8
Wesley Matthews,ATL,36,412.87,0.351,0.75,23,8
Xavier Moon,LAC,14,119.25,0.326,0.5,21,5
Xavier Tillman,BOS,54,974.555,0.434,0.44,77,34
Yuta Watanabe,MEM,34,464.3733333333333,0.353,0.588,15,19
Zach Collins,SAS,69,1525.7283333333332,0.484,0.753,194,132
Zach LaVine,CHI,25,871.8616666666667,0.452,0.854,98,52
Zavier Simpson,MEM,7,161.38333333333333,0.315,0.75,25,10
Zeke Nnaji,DEN,58,576.12,0.463,0.677,32,27
Ziaire Williams,MEM,51,1037.6816666666666,0.397,0.827,75,66
Zion Williamson,NOP,70,2206.923333333333,0.57,0.702,352,193
